{
  "Wien": [
    16.348388,
    48.198674
  ],
  "Graz": [
    15.432739,
    47.065852
  ],
  "Linz": [
    14.306943,
    48.284136
  ],
  "Salzburg": [
    12.995288,
    47.82287
  ],
  "Innsbruck": [
    11.407851,
    47.272308
  ],
  "Klagenfurt": [
    14.312264,
    46.624778
  ],
  "Villach": [
    13.843434,
    46.612607
  ],
  "Wels": [
    14.020079,
    48.168789
  ],
  "Sankt Pölten": [
    15.628799,
    48.208968
  ],
  "Dornbirn": [
    9.734792,
    47.409629
  ],
  "Wiener Neustadt": [
    16.196386,
    47.814585
  ],
  "Steyr": [
    14.426752,
    48.046372
  ],
  "Feldkirch": [
    9.586953,
    47.247465
  ],
  "Bregenz": [
    9.755382,
    47.509753
  ],
  "Leoben": [
    15.089174,
    47.372897
  ],
  "Kapfenberg": [
    15.286643,
    47.443301
  ],
  "Amstetten": [
    14.872748,
    48.120227
  ],
  "Lustenau": [
    9.662385,
    47.431866
  ],
  "Traun": [
    14.250006,
    48.230784
  ],
  "Krems an der Donau": [
    15.641828,
    48.406468
  ],
  "Baden": [
    16.240786,
    48.005206
  ],
  "Mödling": [
    16.288495,
    48.081226
  ],
  "Schwechat": [
    16.479864,
    48.144844
  ],
  "Hallein": [
    13.098612,
    47.687591
  ],
  "Saalfelden am Steinernen Meer": [
    12.833251,
    47.425381
  ],
  "Knittelfeld": [
    14.831471,
    47.215692
  ],
  "Bruck an der Mur": [
    15.263227,
    47.410717
  ],
  "Spittal an der Drau": [
    13.495206,
    46.793952
  ],
  "Zell am See": [
    12.792883,
    47.325104
  ],
  "Tulln an der Donau": [
    16.06037,
    48.326575
  ]
}